scan,method,variant,threshold_value,vessel_id,volume_voxels,length_mm,overlap_voxels,corresponding_ids,n_corresponding
SLICES_CA-RU-R_x_916_y_901_z_222_experiment,ground_truth,,,1,1167,0.4200000000000001,0,,0
SLICES_CA-RU-R_x_916_y_901_z_222_experiment,ground_truth,,,2,653,0.11400000000000002,0,,0
SLICES_CA-RU-R_x_916_y_901_z_222_experiment,ground_truth,,,3,2517,0.5940000000000001,0,,0
SLICES_CA-RU-R_x_916_y_901_z_222_experiment,ground_truth,,,4,996,0.10800000000000001,0,,0
SLICES_CA-RU-R_x_916_y_901_z_222_experiment,ground_truth,,,5,2336,0.6120000000000001,0,,0
SLICES_CA-RU-R_x_916_y_901_z_222_experiment,ground_truth,,,6,699,0.32400000000000007,0,,0
SLICES_CA-RU-R_x_916_y_901_z_222_experiment,ground_truth,,,7,470,0.11400000000000002,0,,0
SLICES_CA-RU-R_x_916_y_901_z_222_experiment,ground_truth,,,8,24,0.0,0,,0
SLICES_CA-RU-R_x_916_y_901_z_222_experiment,ground_truth,,,9,9,0.018000000000000002,0,,0
SLICES_CA-RU-R_x_916_y_901_z_222_experiment,ground_truth,,,10,234,0.11400000000000002,0,,0
SLICES_CA-RU-R_x_916_y_901_z_222_experiment,ground_truth,,,11,973,0.30600000000000005,0,,0
SLICES_CA-RU-R_x_916_y_901_z_222_experiment,ground_truth,,,12,597,0.21000000000000005,0,,0
SLICES_CA-RU-R_x_916_y_901_z_222_experiment,ground_truth,,,13,912,0.21600000000000003,0,,0
SLICES_CA-RU-R_x_916_y_901_z_222_experiment,ground_truth,,,14,1,0.0,0,,0
SLICES_CA-RU-R_x_916_y_901_z_222_experiment,ground_truth,,,15,72,0.030000000000000006,0,,0
SLICES_CA-RU-R_x_916_y_901_z_222_experiment,ground_truth,,,16,481,0.08400000000000002,0,,0
SLICES_CA-RU-R_x_916_y_901_z_222_experiment,ground_truth,,,17,308,0.11400000000000002,0,,0
SLICES_CA-RU-R_x_916_y_901_z_222_experiment,ground_truth,,,18,53,0.030000000000000006,0,,0
SLICES_CA-RU-R_x_916_y_901_z_222_experiment,ground_truth,,,19,1190,0.3960000000000001,0,,0
SLICES_CA-RU-R_x_916_y_901_z_222_experiment,ground_truth,,,20,69,0.024000000000000004,0,,0
SLICES_CA-RU-R_x_916_y_901_z_222_experiment,ground_truth,,,21,176,0.04800000000000001,0,,0
SLICES_CA-RU-R_x_916_y_901_z_222_experiment,ground_truth,,,22,3215,0.558,0,,0
SLICES_CA-RU-R_x_916_y_901_z_222_experiment,ground_truth,,,23,4339,0.6120000000000001,0,,0
SLICES_CA-RU-R_x_916_y_901_z_222_experiment,ground_truth,,,24,18,0.0,0,,0
SLICES_CA-RU-R_x_916_y_901_z_222_experiment,ground_truth,,,25,694,0.30600000000000005,0,,0
SLICES_CA-RU-R_x_916_y_901_z_222_experiment,ground_truth,,,26,33,0.030000000000000006,0,,0
SLICES_CA-RU-R_x_916_y_901_z_222_experiment,ground_truth,,,27,1384,0.36600000000000005,0,,0
SLICES_CA-RU-R_x_916_y_901_z_222_experiment,ground_truth,,,28,592,0.24000000000000005,0,,0
SLICES_CA-RU-R_x_916_y_901_z_222_experiment,ground_truth,,,29,125,0.04200000000000001,0,,0
SLICES_CA-RU-R_x_916_y_901_z_222_experiment,ground_truth,,,30,33,0.018000000000000002,0,,0
SLICES_CA-RU-R_x_916_y_901_z_222_experiment,ground_truth,,,31,1848,0.6120000000000001,0,,0
SLICES_CA-RU-R_x_916_y_901_z_222_experiment,ground_truth,,,32,38,0.012000000000000002,0,,0
SLICES_CA-RU-R_x_916_y_901_z_222_experiment,ground_truth,,,33,41,0.018000000000000002,0,,0
SLICES_CA-RU-R_x_916_y_901_z_222_experiment,ground_truth,,,34,1391,0.36000000000000004,0,,0
SLICES_CA-RU-R_x_916_y_901_z_222_experiment,ground_truth,,,35,1212,0.4020000000000001,0,,0
SLICES_CA-RU-R_x_916_y_901_z_222_experiment,ground_truth,,,36,15,0.0,0,,0
SLICES_CA-RU-R_x_916_y_901_z_222_experiment,ground_truth,,,37,2243,0.5280000000000001,0,,0
SLICES_CA-RU-R_x_916_y_901_z_222_experiment,ground_truth,,,38,55,0.018000000000000002,0,,0
SLICES_CA-RU-R_x_916_y_901_z_222_experiment,ground_truth,,,39,462,0.18600000000000003,0,,0
SLICES_CA-RU-R_x_916_y_901_z_222_experiment,ground_truth,,,40,19,0.04200000000000001,0,,0
SLICES_CA-RU-R_x_916_y_901_z_222_experiment,ground_truth,,,41,27,0.024000000000000004,0,,0
SLICES_CA-RU-R_x_916_y_901_z_222_experiment,ground_truth,,,42,355,0.054000000000000006,0,,0
SLICES_CA-RU-R_x_916_y_901_z_222_experiment,ground_truth,,,43,351,0.13200000000000003,0,,0
SLICES_CA-RU-R_x_916_y_901_z_222_experiment,ground_truth,,,44,1401,0.30600000000000005,0,,0
SLICES_CA-RU-R_x_916_y_901_z_222_experiment,ground_truth,,,45,83,0.10200000000000002,0,,0
SLICES_CA-RU-R_x_916_y_901_z_222_experiment,ground_truth,,,46,85,0.054000000000000006,0,,0
SLICES_CA-RU-R_x_916_y_901_z_222_experiment,ground_truth,,,47,213,0.07800000000000001,0,,0
SLICES_CA-RU-R_x_916_y_901_z_222_experiment,ground_truth,,,48,85,0.09000000000000001,0,,0
SLICES_CA-RU-R_x_916_y_901_z_222_experiment,ground_truth,,,49,31551,5.652000000000001,0,,0
SLICES_CA-RU-R_x_916_y_901_z_222_experiment,ground_truth,,,50,12,0.024000000000000004,0,,0
SLICES_CA-RU-R_x_916_y_901_z_222_experiment,ground_truth,,,51,542,0.12600000000000003,0,,0
SLICES_CA-RU-R_x_916_y_901_z_222_experiment,ground_truth,,,52,26,0.012000000000000002,0,,0
SLICES_CA-RU-R_x_916_y_901_z_222_experiment,ground_truth,,,53,76,0.024000000000000004,0,,0
SLICES_CA-RU-R_x_916_y_901_z_222_experiment,ground_truth,,,54,3116,0.7080000000000001,0,,0
SLICES_CA-RU-R_x_916_y_901_z_222_experiment,ground_truth,,,55,27,0.018000000000000002,0,,0
SLICES_CA-RU-R_x_916_y_901_z_222_experiment,ground_truth,,,56,9,0.018000000000000002,0,,0
SLICES_CA-RU-R_x_916_y_901_z_222_experiment,ground_truth,,,57,9,0.018000000000000002,0,,0
SLICES_CA-RU-R_x_916_y_901_z_222_experiment,ground_truth,,,58,202,0.09600000000000002,0,,0
SLICES_CA-RU-R_x_916_y_901_z_222_experiment,ground_truth,,,59,34,0.04800000000000001,0,,0
SLICES_CA-RU-R_x_916_y_901_z_222_experiment,ground_truth,,,60,341,0.09000000000000001,0,,0
SLICES_CA-RU-R_x_916_y_901_z_222_experiment,ground_truth,,,61,217,0.06600000000000002,0,,0
SLICES_CA-RU-R_x_916_y_901_z_222_experiment,ground_truth,,,62,45,0.036000000000000004,0,,0
SLICES_CA-RU-R_x_916_y_901_z_222_experiment,ground_truth,,,63,98,0.06600000000000002,0,,0
SLICES_CA-RU-R_x_916_y_901_z_222_experiment,ground_truth,,,64,45,0.024000000000000004,0,,0
SLICES_CA-RU-R_x_916_y_901_z_222_experiment,ground_truth,,,65,58,0.012000000000000002,0,,0
SLICES_CA-RU-R_x_916_y_901_z_222_experiment,ground_truth,,,66,9,0.018000000000000002,0,,0
SLICES_CA-RU-R_x_916_y_901_z_222_experiment,ground_truth,,,67,18,0.012000000000000002,0,,0
SLICES_CA-RU-R_x_916_y_901_z_222_experiment,ground_truth,,,68,2005,0.6060000000000001,0,,0
SLICES_CA-RU-R_x_916_y_901_z_222_experiment,ground_truth,,,69,18,0.0,0,,0
SLICES_CA-RU-R_x_916_y_901_z_222_experiment,ground_truth,,,70,680,0.16800000000000004,0,,0
SLICES_CA-RU-R_x_916_y_901_z_222_experiment,ground_truth,,,71,55,0.018000000000000002,0,,0
SLICES_CA-RU-R_x_916_y_901_z_222_experiment,ground_truth,,,72,2039,0.7680000000000001,0,,0
SLICES_CA-RU-R_x_916_y_901_z_222_experiment,ground_truth,,,73,96,0.036000000000000004,0,,0
SLICES_CA-RU-R_x_916_y_901_z_222_experiment,ground_truth,,,74,1320,0.6240000000000001,0,,0
SLICES_CA-RU-R_x_916_y_901_z_222_experiment,ground_truth,,,75,972,0.27,0,,0
SLICES_CA-RU-R_x_916_y_901_z_222_experiment,ground_truth,,,76,234,0.12000000000000002,0,,0
SLICES_CA-RU-R_x_916_y_901_z_222_experiment,ground_truth,,,77,1249,0.3360000000000001,0,,0
SLICES_CA-RU-R_x_916_y_901_z_222_experiment,ground_truth,,,78,119,0.012000000000000002,0,,0
SLICES_CA-RU-R_x_916_y_901_z_222_experiment,ground_truth,,,79,334,0.13200000000000003,0,,0
SLICES_CA-RU-R_x_916_y_901_z_222_experiment,ground_truth,,,80,88,0.054000000000000006,0,,0
SLICES_CA-RU-R_x_916_y_901_z_222_experiment,ground_truth,,,81,94,0.06000000000000001,0,,0
SLICES_CA-RU-R_x_916_y_901_z_222_experiment,ground_truth,,,82,18,0.012000000000000002,0,,0
SLICES_CA-RU-R_x_916_y_901_z_222_experiment,ground_truth,,,83,143,0.06000000000000001,0,,0
SLICES_CA-RU-R_x_916_y_901_z_222_experiment,ground_truth,,,84,125,0.06000000000000001,0,,0
SLICES_CA-RU-R_x_916_y_901_z_222_experiment,ground_truth,,,85,161,0.0,0,,0
SLICES_CA-RU-R_x_916_y_901_z_222_experiment,ground_truth,,,86,42,0.018000000000000002,0,,0
SLICES_CA-RU-R_x_916_y_901_z_222_experiment,ground_truth,,,87,30,0.030000000000000006,0,,0
SLICES_CA-RU-R_x_916_y_901_z_222_experiment,ground_truth,,,88,9,0.018000000000000002,0,,0
SLICES_CA-RU-R_x_916_y_901_z_222_experiment,ground_truth,,,89,159,0.030000000000000006,0,,0
SLICES_CA-RU-R_x_916_y_901_z_222_experiment,ground_truth,,,90,35,0.024000000000000004,0,,0
SLICES_CA-RU-R_x_916_y_901_z_222_experiment,ground_truth,,,91,9,0.018000000000000002,0,,0
SLICES_CA-RU-R_x_916_y_901_z_222_experiment,ground_truth,,,92,363,0.06600000000000002,0,,0
SLICES_CA-RU-R_x_916_y_901_z_222_experiment,ground_truth,,,93,380,0.08400000000000002,0,,0
SLICES_CA-RU-R_x_916_y_901_z_222_experiment,ground_truth,,,94,726,0.34800000000000003,0,,0
SLICES_CA-RU-R_x_916_y_901_z_222_experiment,ground_truth,,,95,1020,0.30600000000000005,0,,0
SLICES_CA-RU-R_x_916_y_901_z_222_experiment,ground_truth,,,96,1859,0.45000000000000007,0,,0
SLICES_CA-RU-R_x_916_y_901_z_222_experiment,ground_truth,,,97,72,0.04200000000000001,0,,0
SLICES_CA-RU-R_x_916_y_901_z_222_experiment,ground_truth,,,98,8417,1.2060000000000002,0,,0
SLICES_CA-RU-R_x_916_y_901_z_222_experiment,ground_truth,,,99,132,0.054000000000000006,0,,0
SLICES_CA-RU-R_x_916_y_901_z_222_experiment,ground_truth,,,100,53,0.024000000000000004,0,,0
SLICES_CA-RU-R_x_916_y_901_z_222_experiment,ground_truth,,,101,34,0.030000000000000006,0,,0
SLICES_CA-RU-R_x_916_y_901_z_222_experiment,ground_truth,,,102,1511,0.23400000000000004,0,,0
SLICES_CA-RU-R_x_916_y_901_z_222_experiment,ground_truth,,,103,24,0.012000000000000002,0,,0
SLICES_CA-RU-R_x_916_y_901_z_222_experiment,ground_truth,,,104,176,0.06000000000000001,0,,0
SLICES_CA-RU-R_x_916_y_901_z_222_experiment,ground_truth,,,105,35,0.0,0,,0
SLICES_CA-RU-R_x_916_y_901_z_222_experiment,ground_truth,,,106,189,0.07200000000000001,0,,0
SLICES_CA-RU-R_x_916_y_901_z_222_experiment,ground_truth,,,107,197,0.036000000000000004,0,,0
SLICES_CA-RU-R_x_916_y_901_z_222_experiment,ground_truth,,,108,166,0.04200000000000001,0,,0
SLICES_CA-RU-R_x_916_y_901_z_222_experiment,ground_truth,,,109,9,0.018000000000000002,0,,0
SLICES_CA-RU-R_x_916_y_901_z_222_experiment,ground_truth,,,110,15,0.018000000000000002,0,,0
SLICES_CA-RU-R_x_916_y_901_z_222_experiment,ground_truth,,,111,77,0.030000000000000006,0,,0
SLICES_CA-RU-R_x_916_y_901_z_222_experiment,ground_truth,,,112,1464,0.39000000000000007,0,,0
SLICES_CA-RU-R_x_916_y_901_z_222_experiment,ground_truth,,,113,110,0.04200000000000001,0,,0
SLICES_CA-RU-R_x_916_y_901_z_222_experiment,ground_truth,,,114,86,0.018000000000000002,0,,0
SLICES_CA-RU-R_x_916_y_901_z_222_experiment,ground_truth,,,115,84,0.012000000000000002,0,,0
SLICES_CA-RU-R_x_916_y_901_z_222_experiment,ground_truth,,,116,162,0.06600000000000002,0,,0
SLICES_CA-RU-R_x_916_y_901_z_222_experiment,ground_truth,,,117,88,0.04200000000000001,0,,0
SLICES_CA-RU-R_x_916_y_901_z_222_experiment,ground_truth,,,118,177,0.04800000000000001,0,,0
SLICES_CA-RU-R_x_916_y_901_z_222_experiment,ground_truth,,,119,32,0.036000000000000004,0,,0
SLICES_CA-RU-R_x_916_y_901_z_222_experiment,ground_truth,,,120,850,0.28200000000000003,0,,0
SLICES_CA-RU-R_x_916_y_901_z_222_experiment,ground_truth,,,121,392,0.20400000000000004,0,,0
SLICES_CA-RU-R_x_916_y_901_z_222_experiment,ground_truth,,,122,367,0.16800000000000004,0,,0
SLICES_CA-RU-R_x_916_y_901_z_222_experiment,ground_truth,,,123,9,0.018000000000000002,0,,0
SLICES_CA-RU-R_x_916_y_901_z_222_experiment,ground_truth,,,124,1913,0.37200000000000005,0,,0
SLICES_CA-RU-R_x_916_y_901_z_222_experiment,ground_truth,,,125,412,0.17400000000000002,0,,0
SLICES_CA-RU-R_x_916_y_901_z_222_experiment,ground_truth,,,126,27,0.018000000000000002,0,,0
SLICES_CA-RU-R_x_916_y_901_z_222_experiment,ground_truth,,,127,498,0.18000000000000002,0,,0
SLICES_CA-RU-R_x_916_y_901_z_222_experiment,ground_truth,,,128,305,0.10200000000000002,0,,0
SLICES_CA-RU-R_x_916_y_901_z_222_experiment,ground_truth,,,129,681,0.28200000000000003,0,,0
SLICES_CA-RU-R_x_916_y_901_z_222_experiment,ground_truth,,,130,12,0.012000000000000002,0,,0
SLICES_CA-RU-R_x_916_y_901_z_222_experiment,ground_truth,,,131,282,0.054000000000000006,0,,0
SLICES_CA-RU-R_x_916_y_901_z_222_experiment,ground_truth,,,132,442,0.22200000000000003,0,,0
SLICES_CA-RU-R_x_916_y_901_z_222_experiment,ground_truth,,,133,29,0.018000000000000002,0,,0
SLICES_CA-RU-R_x_916_y_901_z_222_experiment,ground_truth,,,134,477,0.19200000000000003,0,,0
SLICES_CA-RU-R_x_916_y_901_z_222_experiment,ground_truth,,,135,313,0.07200000000000001,0,,0
SLICES_CA-RU-R_x_916_y_901_z_222_experiment,ground_truth,,,136,224,0.13200000000000003,0,,0
SLICES_CA-RU-R_x_916_y_901_z_222_experiment,ground_truth,,,137,128,0.054000000000000006,0,,0
SLICES_CA-RU-R_x_916_y_901_z_222_experiment,ground_truth,,,138,624,0.15000000000000002,0,,0
SLICES_CA-RU-R_x_916_y_901_z_222_experiment,ground_truth,,,139,49,0.06600000000000002,0,,0
SLICES_CA-RU-R_x_916_y_901_z_222_experiment,ground_truth,,,140,244,0.13200000000000003,0,,0
SLICES_CA-RU-R_x_916_y_901_z_222_experiment,ground_truth,,,141,23,0.018000000000000002,0,,0
SLICES_CA-RU-R_x_916_y_901_z_222_experiment,ground_truth,,,142,1379,0.19200000000000003,0,,0
SLICES_CA-RU-R_x_916_y_901_z_222_experiment,ground_truth,,,143,171,0.06600000000000002,0,,0
SLICES_CA-RU-R_x_916_y_901_z_222_experiment,ground_truth,,,144,191,0.07800000000000001,0,,0
SLICES_CA-RU-R_x_916_y_901_z_222_experiment,ground_truth,,,145,205,0.06600000000000002,0,,0
SLICES_CA-RU-R_x_916_y_901_z_222_experiment,ground_truth,,,146,507,0.15600000000000003,0,,0
SLICES_CA-RU-R_x_916_y_901_z_222_experiment,ground_truth,,,147,315,0.12000000000000002,0,,0
SLICES_CA-RU-R_x_916_y_901_z_222_experiment,threshold,best_dice,173,1,777,0.054000000000000006,577,2,1
SLICES_CA-RU-R_x_916_y_901_z_222_experiment,threshold,best_dice,173,2,138,0.10800000000000001,0,,0
SLICES_CA-RU-R_x_916_y_901_z_222_experiment,threshold,best_dice,173,3,17,0.006000000000000001,0,,0
SLICES_CA-RU-R_x_916_y_901_z_222_experiment,threshold,best_dice,173,4,17,0.006000000000000001,0,,0
SLICES_CA-RU-R_x_916_y_901_z_222_experiment,threshold,best_dice,173,5,441,0.16200000000000003,430,3,1
SLICES_CA-RU-R_x_916_y_901_z_222_experiment,threshold,best_dice,173,6,1,0.006000000000000001,0,,0
SLICES_CA-RU-R_x_916_y_901_z_222_experiment,threshold,best_dice,173,7,6,0.018000000000000002,0,,0
SLICES_CA-RU-R_x_916_y_901_z_222_experiment,threshold,best_dice,173,8,1192,0.036000000000000004,896,4,1
SLICES_CA-RU-R_x_916_y_901_z_222_experiment,threshold,best_dice,173,9,15528,1.1640000000000001,0,,0
SLICES_CA-RU-R_x_916_y_901_z_222_experiment,threshold,best_dice,173,10,194,0.04200000000000001,0,,0
SLICES_CA-RU-R_x_916_y_901_z_222_experiment,threshold,best_dice,173,11,7,0.006000000000000001,0,,0
SLICES_CA-RU-R_x_916_y_901_z_222_experiment,threshold,best_dice,173,12,1456,0.21000000000000005,0,,0
SLICES_CA-RU-R_x_916_y_901_z_222_experiment,threshold,best_dice,173,13,275,0.10200000000000002,0,,0
SLICES_CA-RU-R_x_916_y_901_z_222_experiment,threshold,best_dice,173,14,12,0.006000000000000001,0,,0
SLICES_CA-RU-R_x_916_y_901_z_222_experiment,threshold,best_dice,173,15,296,0.012000000000000002,0,,0
SLICES_CA-RU-R_x_916_y_901_z_222_experiment,threshold,best_dice,173,16,1,0.006000000000000001,0,,0
SLICES_CA-RU-R_x_916_y_901_z_222_experiment,threshold,best_dice,173,17,22,0.012000000000000002,0,,0
SLICES_CA-RU-R_x_916_y_901_z_222_experiment,threshold,best_dice,173,18,326,0.054000000000000006,287,7,1
SLICES_CA-RU-R_x_916_y_901_z_222_experiment,threshold,best_dice,173,19,1,0.0,0,,0
SLICES_CA-RU-R_x_916_y_901_z_222_experiment,threshold,best_dice,173,20,21,0.006000000000000001,0,,0
SLICES_CA-RU-R_x_916_y_901_z_222_experiment,threshold,best_dice,173,21,2,0.0,0,,0
SLICES_CA-RU-R_x_916_y_901_z_222_experiment,threshold,best_dice,173,22,7,0.006000000000000001,0,,0
SLICES_CA-RU-R_x_916_y_901_z_222_experiment,threshold,best_dice,173,23,55,0.024000000000000004,0,,0
SLICES_CA-RU-R_x_916_y_901_z_222_experiment,threshold,best_dice,173,24,1,0.006000000000000001,0,,0
SLICES_CA-RU-R_x_916_y_901_z_222_experiment,threshold,best_dice,173,25,2,0.012000000000000002,0,,0
SLICES_CA-RU-R_x_916_y_901_z_222_experiment,threshold,best_dice,173,26,14,0.012000000000000002,0,,0
SLICES_CA-RU-R_x_916_y_901_z_222_experiment,threshold,best_dice,173,27,3,0.0,0,,0
SLICES_CA-RU-R_x_916_y_901_z_222_experiment,threshold,best_dice,173,28,7,0.012000000000000002,0,,0
SLICES_CA-RU-R_x_916_y_901_z_222_experiment,threshold,best_dice,173,29,1,0.006000000000000001,0,,0
SLICES_CA-RU-R_x_916_y_901_z_222_experiment,threshold,best_dice,173,30,146,0.006000000000000001,0,,0
SLICES_CA-RU-R_x_916_y_901_z_222_experiment,threshold,best_dice,173,31,3,0.006000000000000001,0,,0
SLICES_CA-RU-R_x_916_y_901_z_222_experiment,threshold,best_dice,173,32,17,0.012000000000000002,0,,0
SLICES_CA-RU-R_x_916_y_901_z_222_experiment,threshold,best_dice,173,33,2,0.012000000000000002,0,,0
SLICES_CA-RU-R_x_916_y_901_z_222_experiment,threshold,best_dice,173,34,1,0.006000000000000001,0,,0
SLICES_CA-RU-R_x_916_y_901_z_222_experiment,threshold,best_dice,173,35,7,0.0,0,,0
SLICES_CA-RU-R_x_916_y_901_z_222_experiment,threshold,best_dice,173,36,4,0.012000000000000002,0,,0
SLICES_CA-RU-R_x_916_y_901_z_222_experiment,threshold,best_dice,173,37,10,0.006000000000000001,0,,0
SLICES_CA-RU-R_x_916_y_901_z_222_experiment,threshold,best_dice,173,38,6,0.006000000000000001,0,,0
SLICES_CA-RU-R_x_916_y_901_z_222_experiment,threshold,best_dice,173,39,1,0.0,0,,0
SLICES_CA-RU-R_x_916_y_901_z_222_experiment,threshold,best_dice,173,40,11,0.006000000000000001,11,11,1
SLICES_CA-RU-R_x_916_y_901_z_222_experiment,threshold,best_dice,173,41,10,0.006000000000000001,0,,0
SLICES_CA-RU-R_x_916_y_901_z_222_experiment,threshold,best_dice,173,42,5,0.006000000000000001,0,,0
SLICES_CA-RU-R_x_916_y_901_z_222_experiment,threshold,best_dice,173,43,4,0.006000000000000001,0,,0
SLICES_CA-RU-R_x_916_y_901_z_222_experiment,threshold,best_dice,173,44,201,0.024000000000000004,201,3,1
SLICES_CA-RU-R_x_916_y_901_z_222_experiment,threshold,best_dice,173,45,15,0.018000000000000002,0,,0
SLICES_CA-RU-R_x_916_y_901_z_222_experiment,threshold,best_dice,173,46,7,0.0,0,,0
SLICES_CA-RU-R_x_916_y_901_z_222_experiment,threshold,best_dice,173,47,4,0.012000000000000002,0,,0
SLICES_CA-RU-R_x_916_y_901_z_222_experiment,threshold,best_dice,173,48,68,0.012000000000000002,68,3,1
SLICES_CA-RU-R_x_916_y_901_z_222_experiment,threshold,best_dice,173,49,3,0.0,0,,0
SLICES_CA-RU-R_x_916_y_901_z_222_experiment,threshold,best_dice,173,50,6,0.006000000000000001,0,,0
SLICES_CA-RU-R_x_916_y_901_z_222_experiment,threshold,best_dice,173,51,30,0.012000000000000002,0,,0
SLICES_CA-RU-R_x_916_y_901_z_222_experiment,threshold,best_dice,173,52,512,0.08400000000000002,458,11,1
SLICES_CA-RU-R_x_916_y_901_z_222_experiment,threshold,best_dice,173,53,22,0.012000000000000002,0,,0
SLICES_CA-RU-R_x_916_y_901_z_222_experiment,threshold,best_dice,173,54,1,0.006000000000000001,0,,0
SLICES_CA-RU-R_x_916_y_901_z_222_experiment,threshold,best_dice,173,55,9,0.006000000000000001,0,,0
SLICES_CA-RU-R_x_916_y_901_z_222_experiment,threshold,best_dice,173,56,55,0.030000000000000006,0,,0
SLICES_CA-RU-R_x_916_y_901_z_222_experiment,threshold,best_dice,173,57,6,0.006000000000000001,0,,0
SLICES_CA-RU-R_x_916_y_901_z_222_experiment,threshold,best_dice,173,58,23,0.006000000000000001,0,,0
SLICES_CA-RU-R_x_916_y_901_z_222_experiment,threshold,best_dice,173,59,62,0.012000000000000002,50,12,1
SLICES_CA-RU-R_x_916_y_901_z_222_experiment,threshold,best_dice,173,60,5,0.006000000000000001,0,,0
SLICES_CA-RU-R_x_916_y_901_z_222_experiment,threshold,best_dice,173,61,168,0.018000000000000002,0,,0
SLICES_CA-RU-R_x_916_y_901_z_222_experiment,threshold,best_dice,173,62,12,0.012000000000000002,0,,0
SLICES_CA-RU-R_x_916_y_901_z_222_experiment,threshold,best_dice,173,63,1,0.006000000000000001,0,,0
SLICES_CA-RU-R_x_916_y_901_z_222_experiment,threshold,best_dice,173,64,5,0.012000000000000002,5,12,1
SLICES_CA-RU-R_x_916_y_901_z_222_experiment,threshold,best_dice,173,65,2,0.012000000000000002,0,,0
SLICES_CA-RU-R_x_916_y_901_z_222_experiment,threshold,best_dice,173,66,2,0.012000000000000002,0,,0
SLICES_CA-RU-R_x_916_y_901_z_222_experiment,threshold,best_dice,173,67,1,0.006000000000000001,0,,0
SLICES_CA-RU-R_x_916_y_901_z_222_experiment,threshold,best_dice,173,68,4,0.0,0,,0
SLICES_CA-RU-R_x_916_y_901_z_222_experiment,threshold,best_dice,173,69,30,0.030000000000000006,0,,0
SLICES_CA-RU-R_x_916_y_901_z_222_experiment,threshold,best_dice,173,70,4,0.006000000000000001,0,,0
SLICES_CA-RU-R_x_916_y_901_z_222_experiment,threshold,best_dice,173,71,368,0.08400000000000002,263,13,1
SLICES_CA-RU-R_x_916_y_901_z_222_experiment,threshold,best_dice,173,72,407,0.012000000000000002,369,16,1
SLICES_CA-RU-R_x_916_y_901_z_222_experiment,threshold,best_dice,173,73,6,0.012000000000000002,0,,0
SLICES_CA-RU-R_x_916_y_901_z_222_experiment,threshold,best_dice,173,74,1,0.006000000000000001,0,,0
SLICES_CA-RU-R_x_916_y_901_z_222_experiment,threshold,best_dice,173,75,22,0.012000000000000002,0,,0
SLICES_CA-RU-R_x_916_y_901_z_222_experiment,threshold,best_dice,173,76,13,0.0,0,,0
SLICES_CA-RU-R_x_916_y_901_z_222_experiment,threshold,best_dice,173,77,16,0.012000000000000002,0,,0
SLICES_CA-RU-R_x_916_y_901_z_222_experiment,threshold,best_dice,173,78,9,0.0,9,17,1
SLICES_CA-RU-R_x_916_y_901_z_222_experiment,threshold,best_dice,173,79,4,0.0,0,,0
SLICES_CA-RU-R_x_916_y_901_z_222_experiment,threshold,best_dice,173,80,15,0.012000000000000002,0,,0
SLICES_CA-RU-R_x_916_y_901_z_222_experiment,threshold,best_dice,173,81,7,0.006000000000000001,0,,0
SLICES_CA-RU-R_x_916_y_901_z_222_experiment,threshold,best_dice,173,82,3,0.0,0,,0
SLICES_CA-RU-R_x_916_y_901_z_222_experiment,threshold,best_dice,173,83,17,0.024000000000000004,17,5,1
SLICES_CA-RU-R_x_916_y_901_z_222_experiment,threshold,best_dice,173,84,84,0.036000000000000004,0,,0
SLICES_CA-RU-R_x_916_y_901_z_222_experiment,threshold,best_dice,173,85,9,0.006000000000000001,0,,0
SLICES_CA-RU-R_x_916_y_901_z_222_experiment,threshold,best_dice,173,86,8,0.006000000000000001,0,,0
SLICES_CA-RU-R_x_916_y_901_z_222_experiment,threshold,best_dice,173,87,60,0.012000000000000002,0,,0
SLICES_CA-RU-R_x_916_y_901_z_222_experiment,threshold,best_dice,173,88,70,0.012000000000000002,0,,0
SLICES_CA-RU-R_x_916_y_901_z_222_experiment,threshold,best_dice,173,89,7,0.006000000000000001,0,,0
SLICES_CA-RU-R_x_916_y_901_z_222_experiment,threshold,best_dice,173,90,237,0.012000000000000002,0,,0
SLICES_CA-RU-R_x_916_y_901_z_222_experiment,threshold,best_dice,173,91,1,0.006000000000000001,0,,0
SLICES_CA-RU-R_x_916_y_901_z_222_experiment,threshold,best_dice,173,92,8,0.0,0,,0
SLICES_CA-RU-R_x_916_y_901_z_222_experiment,threshold,best_dice,173,93,42,0.006000000000000001,0,,0
SLICES_CA-RU-R_x_916_y_901_z_222_experiment,threshold,best_dice,173,94,48,0.012000000000000002,0,,0
SLICES_CA-RU-R_x_916_y_901_z_222_experiment,threshold,best_dice,173,95,1,0.006000000000000001,0,,0
SLICES_CA-RU-R_x_916_y_901_z_222_experiment,threshold,best_dice,173,96,1,0.006000000000000001,0,,0
SLICES_CA-RU-R_x_916_y_901_z_222_experiment,threshold,best_dice,173,97,86,0.012000000000000002,0,,0
SLICES_CA-RU-R_x_916_y_901_z_222_experiment,threshold,best_dice,173,98,28,0.0,28,21,1
SLICES_CA-RU-R_x_916_y_901_z_222_experiment,threshold,best_dice,173,99,2210,0.27,1987,22,1
SLICES_CA-RU-R_x_916_y_901_z_222_experiment,threshold,best_dice,173,100,79,0.054000000000000006,79,23,1
SLICES_CA-RU-R_x_916_y_901_z_222_experiment,threshold,best_dice,173,101,375,0.15000000000000002,0,,0
SLICES_CA-RU-R_x_916_y_901_z_222_experiment,threshold,best_dice,173,102,1,0.006000000000000001,0,,0
SLICES_CA-RU-R_x_916_y_901_z_222_experiment,threshold,best_dice,173,103,1,0.006000000000000001,0,,0
SLICES_CA-RU-R_x_916_y_901_z_222_experiment,threshold,best_dice,173,104,31,0.012000000000000002,0,,0
SLICES_CA-RU-R_x_916_y_901_z_222_experiment,threshold,best_dice,173,105,93,0.0,0,,0
SLICES_CA-RU-R_x_916_y_901_z_222_experiment,threshold,best_dice,173,106,1,0.006000000000000001,0,,0
SLICES_CA-RU-R_x_916_y_901_z_222_experiment,threshold,best_dice,173,107,1,0.006000000000000001,0,,0
SLICES_CA-RU-R_x_916_y_901_z_222_experiment,threshold,best_dice,173,108,43,0.012000000000000002,41,27,1
SLICES_CA-RU-R_x_916_y_901_z_222_experiment,threshold,best_dice,173,109,64,0.030000000000000006,0,,0
SLICES_CA-RU-R_x_916_y_901_z_222_experiment,threshold,best_dice,173,110,2768,0.17400000000000002,2614,23,1
SLICES_CA-RU-R_x_916_y_901_z_222_experiment,threshold,best_dice,173,111,9,0.0,0,,0
SLICES_CA-RU-R_x_916_y_901_z_222_experiment,threshold,best_dice,173,112,36,0.012000000000000002,0,,0
SLICES_CA-RU-R_x_916_y_901_z_222_experiment,threshold,best_dice,173,113,115,0.018000000000000002,107,27,1
SLICES_CA-RU-R_x_916_y_901_z_222_experiment,threshold,best_dice,173,114,41,0.0,41,28,1
SLICES_CA-RU-R_x_916_y_901_z_222_experiment,threshold,best_dice,173,115,2,0.012000000000000002,0,,0
SLICES_CA-RU-R_x_916_y_901_z_222_experiment,threshold,best_dice,173,116,82,0.012000000000000002,0,,0
SLICES_CA-RU-R_x_916_y_901_z_222_experiment,threshold,best_dice,173,117,47,0.024000000000000004,0,,0
SLICES_CA-RU-R_x_916_y_901_z_222_experiment,threshold,best_dice,173,118,82,0.012000000000000002,0,,0
SLICES_CA-RU-R_x_916_y_901_z_222_experiment,threshold,best_dice,173,119,4,0.018000000000000002,0,,0
SLICES_CA-RU-R_x_916_y_901_z_222_experiment,threshold,best_dice,173,120,9,0.0,9,29,1
SLICES_CA-RU-R_x_916_y_901_z_222_experiment,threshold,best_dice,173,121,2,0.012000000000000002,0,,0
SLICES_CA-RU-R_x_916_y_901_z_222_experiment,threshold,best_dice,173,122,3,0.018000000000000002,0,,0
SLICES_CA-RU-R_x_916_y_901_z_222_experiment,threshold,best_dice,173,123,1,0.006000000000000001,0,,0
SLICES_CA-RU-R_x_916_y_901_z_222_experiment,threshold,best_dice,173,124,5,0.006000000000000001,0,,0
SLICES_CA-RU-R_x_916_y_901_z_222_experiment,threshold,best_dice,173,125,1094,0.21000000000000005,683,35;59,2
SLICES_CA-RU-R_x_916_y_901_z_222_experiment,threshold,best_dice,173,126,6,0.018000000000000002,0,,0
SLICES_CA-RU-R_x_916_y_901_z_222_experiment,threshold,best_dice,173,127,19,0.018000000000000002,18,27,1
SLICES_CA-RU-R_x_916_y_901_z_222_experiment,threshold,best_dice,173,128,159,0.07200000000000001,0,,0
SLICES_CA-RU-R_x_916_y_901_z_222_experiment,threshold,best_dice,173,129,73,0.018000000000000002,73,31,1
SLICES_CA-RU-R_x_916_y_901_z_222_experiment,threshold,best_dice,173,130,3,0.006000000000000001,0,,0
SLICES_CA-RU-R_x_916_y_901_z_222_experiment,threshold,best_dice,173,131,7,0.012000000000000002,0,,0
SLICES_CA-RU-R_x_916_y_901_z_222_experiment,threshold,best_dice,173,132,1,0.006000000000000001,0,,0
SLICES_CA-RU-R_x_916_y_901_z_222_experiment,threshold,best_dice,173,133,50,0.024000000000000004,0,,0
SLICES_CA-RU-R_x_916_y_901_z_222_experiment,threshold,best_dice,173,134,119,0.012000000000000002,119,22,1
SLICES_CA-RU-R_x_916_y_901_z_222_experiment,threshold,best_dice,173,135,5,0.006000000000000001,5,28,1
SLICES_CA-RU-R_x_916_y_901_z_222_experiment,threshold,best_dice,173,136,1,0.0,1,35,1
SLICES_CA-RU-R_x_916_y_901_z_222_experiment,threshold,best_dice,173,137,630,0.15000000000000002,627,37,1
SLICES_CA-RU-R_x_916_y_901_z_222_experiment,threshold,best_dice,173,138,73,0.018000000000000002,0,,0
SLICES_CA-RU-R_x_916_y_901_z_222_experiment,threshold,best_dice,173,139,15,0.006000000000000001,0,,0
SLICES_CA-RU-R_x_916_y_901_z_222_experiment,threshold,best_dice,173,140,6,0.006000000000000001,0,,0
SLICES_CA-RU-R_x_916_y_901_z_222_experiment,threshold,best_dice,173,141,1,0.0,0,,0
SLICES_CA-RU-R_x_916_y_901_z_222_experiment,threshold,best_dice,173,142,7,0.006000000000000001,0,,0
SLICES_CA-RU-R_x_916_y_901_z_222_experiment,threshold,best_dice,173,143,3,0.0,0,,0
SLICES_CA-RU-R_x_916_y_901_z_222_experiment,threshold,best_dice,173,144,180,0.024000000000000004,173,42,1
SLICES_CA-RU-R_x_916_y_901_z_222_experiment,threshold,best_dice,173,145,4,0.006000000000000001,0,,0
SLICES_CA-RU-R_x_916_y_901_z_222_experiment,threshold,best_dice,173,146,1,0.006000000000000001,1,38,1
SLICES_CA-RU-R_x_916_y_901_z_222_experiment,threshold,best_dice,173,147,14,0.012000000000000002,0,,0
SLICES_CA-RU-R_x_916_y_901_z_222_experiment,threshold,best_dice,173,148,153,0.036000000000000004,0,,0
SLICES_CA-RU-R_x_916_y_901_z_222_experiment,threshold,best_dice,173,149,5,0.012000000000000002,0,,0
SLICES_CA-RU-R_x_916_y_901_z_222_experiment,threshold,best_dice,173,150,1,0.006000000000000001,0,,0
SLICES_CA-RU-R_x_916_y_901_z_222_experiment,threshold,best_dice,173,151,1,0.006000000000000001,0,,0
SLICES_CA-RU-R_x_916_y_901_z_222_experiment,threshold,best_dice,173,152,838,0.08400000000000002,774,44,1
SLICES_CA-RU-R_x_916_y_901_z_222_experiment,threshold,best_dice,173,153,1,0.006000000000000001,0,,0
SLICES_CA-RU-R_x_916_y_901_z_222_experiment,threshold,best_dice,173,154,1,0.006000000000000001,0,,0
SLICES_CA-RU-R_x_916_y_901_z_222_experiment,threshold,best_dice,173,155,1,0.006000000000000001,0,,0
SLICES_CA-RU-R_x_916_y_901_z_222_experiment,threshold,best_dice,173,156,9,0.012000000000000002,8,47,1
SLICES_CA-RU-R_x_916_y_901_z_222_experiment,threshold,best_dice,173,157,239,0.024000000000000004,0,,0
SLICES_CA-RU-R_x_916_y_901_z_222_experiment,threshold,best_dice,173,158,61,0.006000000000000001,0,,0
SLICES_CA-RU-R_x_916_y_901_z_222_experiment,threshold,best_dice,173,159,10,0.0,3,50,1
SLICES_CA-RU-R_x_916_y_901_z_222_experiment,threshold,best_dice,173,160,5,0.006000000000000001,5,34,1
SLICES_CA-RU-R_x_916_y_901_z_222_experiment,threshold,best_dice,173,161,38,0.024000000000000004,0,,0
SLICES_CA-RU-R_x_916_y_901_z_222_experiment,threshold,best_dice,173,162,9,0.006000000000000001,0,,0
SLICES_CA-RU-R_x_916_y_901_z_222_experiment,threshold,best_dice,173,163,24,0.018000000000000002,17,53,1
SLICES_CA-RU-R_x_916_y_901_z_222_experiment,threshold,best_dice,173,164,7,0.006000000000000001,0,,0
SLICES_CA-RU-R_x_916_y_901_z_222_experiment,threshold,best_dice,173,165,511,0.15600000000000003,511,54,1
SLICES_CA-RU-R_x_916_y_901_z_222_experiment,threshold,best_dice,173,166,2,0.0,1,53,1
SLICES_CA-RU-R_x_916_y_901_z_222_experiment,threshold,best_dice,173,167,86,0.06000000000000001,86,51,1
SLICES_CA-RU-R_x_916_y_901_z_222_experiment,threshold,best_dice,173,168,18,0.006000000000000001,0,,0
SLICES_CA-RU-R_x_916_y_901_z_222_experiment,threshold,best_dice,173,169,2,0.0,0,,0
SLICES_CA-RU-R_x_916_y_901_z_222_experiment,threshold,best_dice,173,170,11,0.006000000000000001,0,,0
SLICES_CA-RU-R_x_916_y_901_z_222_experiment,threshold,best_dice,173,171,223,0.018000000000000002,220,37,1
SLICES_CA-RU-R_x_916_y_901_z_222_experiment,threshold,best_dice,173,172,1551,0.5160000000000001,0,,0
SLICES_CA-RU-R_x_916_y_901_z_222_experiment,threshold,best_dice,173,173,70,0.0,60,61,1
SLICES_CA-RU-R_x_916_y_901_z_222_experiment,threshold,best_dice,173,174,331,0.04200000000000001,0,,0
SLICES_CA-RU-R_x_916_y_901_z_222_experiment,threshold,best_dice,173,175,1,0.0,0,,0
SLICES_CA-RU-R_x_916_y_901_z_222_experiment,threshold,best_dice,173,176,2,0.0,0,,0
SLICES_CA-RU-R_x_916_y_901_z_222_experiment,threshold,best_dice,173,177,1,0.006000000000000001,0,,0
SLICES_CA-RU-R_x_916_y_901_z_222_experiment,threshold,best_dice,173,178,33,0.006000000000000001,0,,0
SLICES_CA-RU-R_x_916_y_901_z_222_experiment,threshold,best_dice,173,179,66,0.04200000000000001,66,34,1
SLICES_CA-RU-R_x_916_y_901_z_222_experiment,threshold,best_dice,173,180,9,0.0,2,64,1
SLICES_CA-RU-R_x_916_y_901_z_222_experiment,threshold,best_dice,173,181,779,0.12000000000000002,730,54,1
SLICES_CA-RU-R_x_916_y_901_z_222_experiment,threshold,best_dice,173,182,1361,0.09000000000000001,1336,49,1
SLICES_CA-RU-R_x_916_y_901_z_222_experiment,threshold,best_dice,173,183,1,0.006000000000000001,0,,0
SLICES_CA-RU-R_x_916_y_901_z_222_experiment,threshold,best_dice,173,184,10,0.0,0,,0
SLICES_CA-RU-R_x_916_y_901_z_222_experiment,threshold,best_dice,173,185,3,0.0,0,,0
SLICES_CA-RU-R_x_916_y_901_z_222_experiment,threshold,best_dice,173,186,20,0.006000000000000001,0,,0
SLICES_CA-RU-R_x_916_y_901_z_222_experiment,threshold,best_dice,173,187,13,0.006000000000000001,0,,0
SLICES_CA-RU-R_x_916_y_901_z_222_experiment,threshold,best_dice,173,188,3,0.0,0,,0
SLICES_CA-RU-R_x_916_y_901_z_222_experiment,threshold,best_dice,173,189,30,0.018000000000000002,0,,0
SLICES_CA-RU-R_x_916_y_901_z_222_experiment,threshold,best_dice,173,190,23,0.012000000000000002,23,49,1
SLICES_CA-RU-R_x_916_y_901_z_222_experiment,threshold,best_dice,173,191,1,0.0,0,,0
SLICES_CA-RU-R_x_916_y_901_z_222_experiment,threshold,best_dice,173,192,2,0.0,0,,0
SLICES_CA-RU-R_x_916_y_901_z_222_experiment,threshold,best_dice,173,193,6,0.012000000000000002,6,49,1
SLICES_CA-RU-R_x_916_y_901_z_222_experiment,threshold,best_dice,173,194,80,0.006000000000000001,80,49,1
SLICES_CA-RU-R_x_916_y_901_z_222_experiment,threshold,best_dice,173,195,16,0.012000000000000002,0,,0
SLICES_CA-RU-R_x_916_y_901_z_222_experiment,threshold,best_dice,173,196,16,0.006000000000000001,14,65,1
SLICES_CA-RU-R_x_916_y_901_z_222_experiment,threshold,best_dice,173,197,1,0.006000000000000001,1,49,1
SLICES_CA-RU-R_x_916_y_901_z_222_experiment,threshold,best_dice,173,198,1,0.0,0,,0
SLICES_CA-RU-R_x_916_y_901_z_222_experiment,threshold,best_dice,173,199,3,0.0,0,,0
SLICES_CA-RU-R_x_916_y_901_z_222_experiment,threshold,best_dice,173,200,4442,0.6900000000000002,4204,49,1
SLICES_CA-RU-R_x_916_y_901_z_222_experiment,threshold,best_dice,173,201,2,0.012000000000000002,0,,0
SLICES_CA-RU-R_x_916_y_901_z_222_experiment,threshold,best_dice,173,202,1,0.006000000000000001,0,,0
SLICES_CA-RU-R_x_916_y_901_z_222_experiment,threshold,best_dice,173,203,10,0.012000000000000002,0,,0
SLICES_CA-RU-R_x_916_y_901_z_222_experiment,threshold,best_dice,173,204,108,0.012000000000000002,0,,0
SLICES_CA-RU-R_x_916_y_901_z_222_experiment,threshold,best_dice,173,205,101,0.054000000000000006,100,70,1
SLICES_CA-RU-R_x_916_y_901_z_222_experiment,threshold,best_dice,173,206,1,0.006000000000000001,0,,0
SLICES_CA-RU-R_x_916_y_901_z_222_experiment,threshold,best_dice,173,207,15,0.006000000000000001,0,,0
SLICES_CA-RU-R_x_916_y_901_z_222_experiment,threshold,best_dice,173,208,11,0.012000000000000002,11,71,1
SLICES_CA-RU-R_x_916_y_901_z_222_experiment,threshold,best_dice,173,209,3,0.006000000000000001,3,74,1
SLICES_CA-RU-R_x_916_y_901_z_222_experiment,threshold,best_dice,173,210,1,0.006000000000000001,0,,0
SLICES_CA-RU-R_x_916_y_901_z_222_experiment,threshold,best_dice,173,211,1,0.006000000000000001,0,,0
SLICES_CA-RU-R_x_916_y_901_z_222_experiment,threshold,best_dice,173,212,1,0.006000000000000001,0,,0
SLICES_CA-RU-R_x_916_y_901_z_222_experiment,threshold,best_dice,173,213,3,0.006000000000000001,3,70,1
SLICES_CA-RU-R_x_916_y_901_z_222_experiment,threshold,best_dice,173,214,55,0.018000000000000002,0,,0
SLICES_CA-RU-R_x_916_y_901_z_222_experiment,threshold,best_dice,173,215,92,0.024000000000000004,0,,0
SLICES_CA-RU-R_x_916_y_901_z_222_experiment,threshold,best_dice,173,216,20,0.012000000000000002,0,,0
SLICES_CA-RU-R_x_916_y_901_z_222_experiment,threshold,best_dice,173,217,2,0.012000000000000002,0,,0
SLICES_CA-RU-R_x_916_y_901_z_222_experiment,threshold,best_dice,173,218,8,0.006000000000000001,0,,0
SLICES_CA-RU-R_x_916_y_901_z_222_experiment,threshold,best_dice,173,219,169,0.07800000000000001,0,,0
SLICES_CA-RU-R_x_916_y_901_z_222_experiment,threshold,best_dice,173,220,1,0.006000000000000001,0,,0
SLICES_CA-RU-R_x_916_y_901_z_222_experiment,threshold,best_dice,173,221,39,0.012000000000000002,0,,0
SLICES_CA-RU-R_x_916_y_901_z_222_experiment,threshold,best_dice,173,222,44,0.006000000000000001,0,,0
SLICES_CA-RU-R_x_916_y_901_z_222_experiment,threshold,best_dice,173,223,5,0.006000000000000001,5,84,1
SLICES_CA-RU-R_x_916_y_901_z_222_experiment,threshold,best_dice,173,224,7,0.012000000000000002,0,,0
SLICES_CA-RU-R_x_916_y_901_z_222_experiment,threshold,best_dice,173,225,7,0.012000000000000002,0,,0
SLICES_CA-RU-R_x_916_y_901_z_222_experiment,threshold,best_dice,173,226,20,0.006000000000000001,20,49,1
SLICES_CA-RU-R_x_916_y_901_z_222_experiment,threshold,best_dice,173,227,196,0.06600000000000002,0,,0
SLICES_CA-RU-R_x_916_y_901_z_222_experiment,threshold,best_dice,173,228,2,0.012000000000000002,0,,0
SLICES_CA-RU-R_x_916_y_901_z_222_experiment,threshold,best_dice,173,229,1,0.006000000000000001,0,,0
SLICES_CA-RU-R_x_916_y_901_z_222_experiment,threshold,best_dice,173,230,72,0.006000000000000001,71,49,1
SLICES_CA-RU-R_x_916_y_901_z_222_experiment,threshold,best_dice,173,231,2,0.0,0,,0
SLICES_CA-RU-R_x_916_y_901_z_222_experiment,threshold,best_dice,173,232,1,0.0,0,,0
SLICES_CA-RU-R_x_916_y_901_z_222_experiment,threshold,best_dice,173,233,2,0.012000000000000002,0,,0
SLICES_CA-RU-R_x_916_y_901_z_222_experiment,threshold,best_dice,173,234,9,0.018000000000000002,0,,0
SLICES_CA-RU-R_x_916_y_901_z_222_experiment,threshold,best_dice,173,235,29,0.0,0,,0
SLICES_CA-RU-R_x_916_y_901_z_222_experiment,threshold,best_dice,173,236,37,0.018000000000000002,35,74,1
SLICES_CA-RU-R_x_916_y_901_z_222_experiment,threshold,best_dice,173,237,19,0.012000000000000002,0,,0
SLICES_CA-RU-R_x_916_y_901_z_222_experiment,threshold,best_dice,173,238,1,0.0,0,,0
SLICES_CA-RU-R_x_916_y_901_z_222_experiment,threshold,best_dice,173,239,582,0.30600000000000005,0,,0
SLICES_CA-RU-R_x_916_y_901_z_222_experiment,threshold,best_dice,173,240,4,0.006000000000000001,0,,0
SLICES_CA-RU-R_x_916_y_901_z_222_experiment,threshold,best_dice,173,241,4,0.006000000000000001,0,,0
SLICES_CA-RU-R_x_916_y_901_z_222_experiment,threshold,best_dice,173,242,20,0.024000000000000004,0,,0
SLICES_CA-RU-R_x_916_y_901_z_222_experiment,threshold,best_dice,173,243,3,0.0,2,49,1
SLICES_CA-RU-R_x_916_y_901_z_222_experiment,threshold,best_dice,173,244,39,0.024000000000000004,0,,0
SLICES_CA-RU-R_x_916_y_901_z_222_experiment,threshold,best_dice,173,245,1,0.0,1,49,1
SLICES_CA-RU-R_x_916_y_901_z_222_experiment,threshold,best_dice,173,246,3053,0.23400000000000004,2739,49,1
SLICES_CA-RU-R_x_916_y_901_z_222_experiment,threshold,best_dice,173,247,26,0.006000000000000001,0,,0
SLICES_CA-RU-R_x_916_y_901_z_222_experiment,threshold,best_dice,173,248,61,0.036000000000000004,0,,0
SLICES_CA-RU-R_x_916_y_901_z_222_experiment,threshold,best_dice,173,249,27,0.012000000000000002,26,74,1
SLICES_CA-RU-R_x_916_y_901_z_222_experiment,threshold,best_dice,173,250,6,0.006000000000000001,6,49,1
SLICES_CA-RU-R_x_916_y_901_z_222_experiment,threshold,best_dice,173,251,6,0.012000000000000002,6,93,1
SLICES_CA-RU-R_x_916_y_901_z_222_experiment,threshold,best_dice,173,252,3,0.0,3,95,1
SLICES_CA-RU-R_x_916_y_901_z_222_experiment,threshold,best_dice,173,253,17,0.006000000000000001,0,,0
SLICES_CA-RU-R_x_916_y_901_z_222_experiment,threshold,best_dice,173,254,65,0.030000000000000006,0,,0
SLICES_CA-RU-R_x_916_y_901_z_222_experiment,threshold,best_dice,173,255,25,0.024000000000000004,0,,0
SLICES_CA-RU-R_x_916_y_901_z_222_experiment,threshold,best_dice,173,256,10559,0.9540000000000002,9203,49,1
SLICES_CA-RU-R_x_916_y_901_z_222_experiment,threshold,best_dice,173,257,3,0.006000000000000001,3,49,1
SLICES_CA-RU-R_x_916_y_901_z_222_experiment,threshold,best_dice,173,258,11,0.006000000000000001,0,,0
SLICES_CA-RU-R_x_916_y_901_z_222_experiment,threshold,best_dice,173,259,1,0.0,0,,0
SLICES_CA-RU-R_x_916_y_901_z_222_experiment,threshold,best_dice,173,260,1,0.006000000000000001,0,,0
SLICES_CA-RU-R_x_916_y_901_z_222_experiment,threshold,best_dice,173,261,62,0.06000000000000001,0,,0
SLICES_CA-RU-R_x_916_y_901_z_222_experiment,threshold,best_dice,173,262,1,0.006000000000000001,0,,0
SLICES_CA-RU-R_x_916_y_901_z_222_experiment,threshold,best_dice,173,263,10,0.006000000000000001,0,,0
SLICES_CA-RU-R_x_916_y_901_z_222_experiment,threshold,best_dice,173,264,8,0.012000000000000002,0,,0
SLICES_CA-RU-R_x_916_y_901_z_222_experiment,threshold,best_dice,173,265,3,0.006000000000000001,0,,0
SLICES_CA-RU-R_x_916_y_901_z_222_experiment,threshold,best_dice,173,266,2,0.012000000000000002,2,95,1
SLICES_CA-RU-R_x_916_y_901_z_222_experiment,threshold,best_dice,173,267,1,0.006000000000000001,0,,0
SLICES_CA-RU-R_x_916_y_901_z_222_experiment,threshold,best_dice,173,268,57,0.024000000000000004,0,,0
SLICES_CA-RU-R_x_916_y_901_z_222_experiment,threshold,best_dice,173,269,83,0.012000000000000002,60,49,1
SLICES_CA-RU-R_x_916_y_901_z_222_experiment,threshold,best_dice,173,270,5,0.006000000000000001,0,,0
SLICES_CA-RU-R_x_916_y_901_z_222_experiment,threshold,best_dice,173,271,11,0.0,0,,0
SLICES_CA-RU-R_x_916_y_901_z_222_experiment,threshold,best_dice,173,272,6613,0.6480000000000001,5699,98,1
SLICES_CA-RU-R_x_916_y_901_z_222_experiment,threshold,best_dice,173,273,8,0.0,0,,0
SLICES_CA-RU-R_x_916_y_901_z_222_experiment,threshold,best_dice,173,274,101,0.030000000000000006,0,,0
SLICES_CA-RU-R_x_916_y_901_z_222_experiment,threshold,best_dice,173,275,5,0.006000000000000001,0,,0
SLICES_CA-RU-R_x_916_y_901_z_222_experiment,threshold,best_dice,173,276,1,0.006000000000000001,0,,0
SLICES_CA-RU-R_x_916_y_901_z_222_experiment,threshold,best_dice,173,277,8,0.0,8,49,1
SLICES_CA-RU-R_x_916_y_901_z_222_experiment,threshold,best_dice,173,278,7,0.012000000000000002,0,,0
SLICES_CA-RU-R_x_916_y_901_z_222_experiment,threshold,best_dice,173,279,1,0.006000000000000001,0,,0
SLICES_CA-RU-R_x_916_y_901_z_222_experiment,threshold,best_dice,173,280,85,0.012000000000000002,84,49,1
SLICES_CA-RU-R_x_916_y_901_z_222_experiment,threshold,best_dice,173,281,12,0.012000000000000002,0,,0
SLICES_CA-RU-R_x_916_y_901_z_222_experiment,threshold,best_dice,173,282,17,0.012000000000000002,16,49,1
SLICES_CA-RU-R_x_916_y_901_z_222_experiment,threshold,best_dice,173,283,6,0.006000000000000001,0,,0
SLICES_CA-RU-R_x_916_y_901_z_222_experiment,threshold,best_dice,173,284,1,0.006000000000000001,0,,0
SLICES_CA-RU-R_x_916_y_901_z_222_experiment,threshold,best_dice,173,285,6,0.012000000000000002,0,,0
SLICES_CA-RU-R_x_916_y_901_z_222_experiment,threshold,best_dice,173,286,60,0.036000000000000004,0,,0
SLICES_CA-RU-R_x_916_y_901_z_222_experiment,threshold,best_dice,173,287,988,0.08400000000000002,950,102,1
SLICES_CA-RU-R_x_916_y_901_z_222_experiment,threshold,best_dice,173,288,1,0.006000000000000001,0,,0
SLICES_CA-RU-R_x_916_y_901_z_222_experiment,threshold,best_dice,173,289,6,0.012000000000000002,0,,0
SLICES_CA-RU-R_x_916_y_901_z_222_experiment,threshold,best_dice,173,290,35,0.036000000000000004,0,,0
SLICES_CA-RU-R_x_916_y_901_z_222_experiment,threshold,best_dice,173,291,3,0.0,0,,0
SLICES_CA-RU-R_x_916_y_901_z_222_experiment,threshold,best_dice,173,292,1,0.006000000000000001,0,,0
SLICES_CA-RU-R_x_916_y_901_z_222_experiment,threshold,best_dice,173,293,10289,2.2020000000000004,0,,0
SLICES_CA-RU-R_x_916_y_901_z_222_experiment,threshold,best_dice,173,294,113,0.018000000000000002,113,98,1
SLICES_CA-RU-R_x_916_y_901_z_222_experiment,threshold,best_dice,173,295,27,0.030000000000000006,0,,0
SLICES_CA-RU-R_x_916_y_901_z_222_experiment,threshold,best_dice,173,296,7,0.012000000000000002,0,,0
SLICES_CA-RU-R_x_916_y_901_z_222_experiment,threshold,best_dice,173,297,8,0.0,0,,0
SLICES_CA-RU-R_x_916_y_901_z_222_experiment,threshold,best_dice,173,298,1,0.006000000000000001,0,,0
SLICES_CA-RU-R_x_916_y_901_z_222_experiment,threshold,best_dice,173,299,1,0.006000000000000001,0,,0
SLICES_CA-RU-R_x_916_y_901_z_222_experiment,threshold,best_dice,173,300,6,0.006000000000000001,0,,0
SLICES_CA-RU-R_x_916_y_901_z_222_experiment,threshold,best_dice,173,301,85,0.024000000000000004,77,108,1
SLICES_CA-RU-R_x_916_y_901_z_222_experiment,threshold,best_dice,173,302,33,0.030000000000000006,0,,0
SLICES_CA-RU-R_x_916_y_901_z_222_experiment,threshold,best_dice,173,303,22,0.024000000000000004,0,,0
SLICES_CA-RU-R_x_916_y_901_z_222_experiment,threshold,best_dice,173,304,2,0.006000000000000001,0,,0
SLICES_CA-RU-R_x_916_y_901_z_222_experiment,threshold,best_dice,173,305,1,0.006000000000000001,0,,0
SLICES_CA-RU-R_x_916_y_901_z_222_experiment,threshold,best_dice,173,306,5,0.012000000000000002,0,,0
SLICES_CA-RU-R_x_916_y_901_z_222_experiment,threshold,best_dice,173,307,31,0.006000000000000001,0,,0
SLICES_CA-RU-R_x_916_y_901_z_222_experiment,threshold,best_dice,173,308,41,0.036000000000000004,0,,0
SLICES_CA-RU-R_x_916_y_901_z_222_experiment,threshold,best_dice,173,309,160,0.06600000000000002,160,49,1
SLICES_CA-RU-R_x_916_y_901_z_222_experiment,threshold,best_dice,173,310,1,0.006000000000000001,0,,0
SLICES_CA-RU-R_x_916_y_901_z_222_experiment,threshold,best_dice,173,311,1,0.006000000000000001,0,,0
SLICES_CA-RU-R_x_916_y_901_z_222_experiment,threshold,best_dice,173,312,1,0.006000000000000001,0,,0
SLICES_CA-RU-R_x_916_y_901_z_222_experiment,threshold,best_dice,173,313,2,0.0,0,,0
SLICES_CA-RU-R_x_916_y_901_z_222_experiment,threshold,best_dice,173,314,11,0.006000000000000001,0,,0
SLICES_CA-RU-R_x_916_y_901_z_222_experiment,threshold,best_dice,173,315,41,0.012000000000000002,0,,0
SLICES_CA-RU-R_x_916_y_901_z_222_experiment,threshold,best_dice,173,316,1,0.0,0,,0
SLICES_CA-RU-R_x_916_y_901_z_222_experiment,threshold,best_dice,173,317,1,0.006000000000000001,0,,0
SLICES_CA-RU-R_x_916_y_901_z_222_experiment,threshold,best_dice,173,318,1,0.0,0,,0
SLICES_CA-RU-R_x_916_y_901_z_222_experiment,threshold,best_dice,173,319,2,0.0,0,,0
SLICES_CA-RU-R_x_916_y_901_z_222_experiment,threshold,best_dice,173,320,4,0.0,4,122,1
SLICES_CA-RU-R_x_916_y_901_z_222_experiment,threshold,best_dice,173,321,1,0.006000000000000001,0,,0
SLICES_CA-RU-R_x_916_y_901_z_222_experiment,threshold,best_dice,173,322,1,0.0,0,,0
SLICES_CA-RU-R_x_916_y_901_z_222_experiment,threshold,best_dice,173,323,50,0.018000000000000002,0,,0
SLICES_CA-RU-R_x_916_y_901_z_222_experiment,threshold,best_dice,173,324,95,0.006000000000000001,87,121,1
SLICES_CA-RU-R_x_916_y_901_z_222_experiment,threshold,best_dice,173,325,48,0.006000000000000001,47,122,1
SLICES_CA-RU-R_x_916_y_901_z_222_experiment,threshold,best_dice,173,326,8,0.012000000000000002,0,,0
SLICES_CA-RU-R_x_916_y_901_z_222_experiment,threshold,best_dice,173,327,1,0.006000000000000001,0,,0
SLICES_CA-RU-R_x_916_y_901_z_222_experiment,threshold,best_dice,173,328,58,0.04800000000000001,58,124,1
SLICES_CA-RU-R_x_916_y_901_z_222_experiment,threshold,best_dice,173,329,1,0.0,0,,0
SLICES_CA-RU-R_x_916_y_901_z_222_experiment,threshold,best_dice,173,330,53,0.012000000000000002,0,,0
SLICES_CA-RU-R_x_916_y_901_z_222_experiment,threshold,best_dice,173,331,1,0.0,1,124,1
SLICES_CA-RU-R_x_916_y_901_z_222_experiment,threshold,best_dice,173,332,8,0.012000000000000002,8,124,1
SLICES_CA-RU-R_x_916_y_901_z_222_experiment,threshold,best_dice,173,333,32,0.030000000000000006,0,,0
SLICES_CA-RU-R_x_916_y_901_z_222_experiment,threshold,best_dice,173,334,13,0.018000000000000002,0,,0
SLICES_CA-RU-R_x_916_y_901_z_222_experiment,threshold,best_dice,173,335,137,0.08400000000000002,137,98,1
SLICES_CA-RU-R_x_916_y_901_z_222_experiment,threshold,best_dice,173,336,12,0.0,0,,0
SLICES_CA-RU-R_x_916_y_901_z_222_experiment,threshold,best_dice,173,337,1,0.006000000000000001,1,124,1
SLICES_CA-RU-R_x_916_y_901_z_222_experiment,threshold,best_dice,173,338,5,0.018000000000000002,5,124,1
SLICES_CA-RU-R_x_916_y_901_z_222_experiment,threshold,best_dice,173,339,1,0.006000000000000001,1,131,1
SLICES_CA-RU-R_x_916_y_901_z_222_experiment,threshold,best_dice,173,340,17,0.030000000000000006,17,131,1
SLICES_CA-RU-R_x_916_y_901_z_222_experiment,threshold,best_dice,173,341,31,0.012000000000000002,8,137,1
SLICES_CA-RU-R_x_916_y_901_z_222_experiment,threshold,best_dice,173,342,74,0.018000000000000002,0,,0
SLICES_CA-RU-R_x_916_y_901_z_222_experiment,threshold,best_dice,173,343,41,0.036000000000000004,41,135,1
SLICES_CA-RU-R_x_916_y_901_z_222_experiment,threshold,best_dice,173,344,310,0.012000000000000002,246,138,1
SLICES_CA-RU-R_x_916_y_901_z_222_experiment,threshold,best_dice,173,345,49,0.012000000000000002,49,98,1
SLICES_CA-RU-R_x_916_y_901_z_222_experiment,threshold,best_dice,173,346,78,0.018000000000000002,0,,0
SLICES_CA-RU-R_x_916_y_901_z_222_experiment,threshold,best_dice,173,347,1103,0.10800000000000001,1010,142,1
SLICES_CA-RU-R_x_916_y_901_z_222_experiment,threshold,best_dice,173,348,7,0.012000000000000002,7,144,1
SLICES_CA-RU-R_x_916_y_901_z_222_experiment,threshold,best_dice,173,349,13,0.012000000000000002,13,98,1
SLICES_CA-RU-R_x_916_y_901_z_222_experiment,threshold,best_dice,173,350,123,0.07800000000000001,0,,0
SLICES_CA-RU-R_x_916_y_901_z_222_experiment,threshold,best_dice,173,351,1,0.0,0,,0
SLICES_CA-RU-R_x_916_y_901_z_222_experiment,threshold,best_dice,173,352,14,0.018000000000000002,0,,0
SLICES_CA-RU-R_x_916_y_901_z_222_experiment,threshold,best_dice,173,353,4,0.006000000000000001,0,,0
SLICES_CA-RU-R_x_916_y_901_z_222_experiment,threshold,best_dice,173,354,3,0.0,3,145,1
SLICES_CA-RU-R_x_916_y_901_z_222_experiment,threshold,best_dice,173,355,1,0.006000000000000001,0,,0
SLICES_CA-RU-R_x_916_y_901_z_222_experiment,pipeline,default,,1,577,0.5220000000000001,401,1,1
SLICES_CA-RU-R_x_916_y_901_z_222_experiment,pipeline,default,,2,1084,0.45600000000000007,283,2,1
SLICES_CA-RU-R_x_916_y_901_z_222_experiment,pipeline,default,,3,323,0.22800000000000004,305,3,1
SLICES_CA-RU-R_x_916_y_901_z_222_experiment,pipeline,default,,4,258,0.17400000000000002,124,7,1
SLICES_CA-RU-R_x_916_y_901_z_222_experiment,pipeline,default,,5,766,0.10200000000000002,488,4,1
SLICES_CA-RU-R_x_916_y_901_z_222_experiment,pipeline,default,,6,5263,2.4060000000000006,3503,3;11;22;23;27;42;44,7
SLICES_CA-RU-R_x_916_y_901_z_222_experiment,pipeline,default,,7,436,0.18000000000000002,260,4;16,2
SLICES_CA-RU-R_x_916_y_901_z_222_experiment,pipeline,default,,8,342,0.25800000000000006,239,5,1
SLICES_CA-RU-R_x_916_y_901_z_222_experiment,pipeline,default,,9,344,0.21600000000000003,117,13,1
SLICES_CA-RU-R_x_916_y_901_z_222_experiment,pipeline,default,,10,274,0.19200000000000003,70,17,1
SLICES_CA-RU-R_x_916_y_901_z_222_experiment,pipeline,default,,11,212,0.15000000000000002,78,21,1
SLICES_CA-RU-R_x_916_y_901_z_222_experiment,pipeline,default,,12,90,0.054000000000000006,60,27,1
SLICES_CA-RU-R_x_916_y_901_z_222_experiment,pipeline,default,,13,529,0.39000000000000007,247,25,1
SLICES_CA-RU-R_x_916_y_901_z_222_experiment,pipeline,default,,14,1247,0.6360000000000001,1033,28;37;45,3
SLICES_CA-RU-R_x_916_y_901_z_222_experiment,pipeline,default,,15,335,0.18000000000000002,152,31,1
SLICES_CA-RU-R_x_916_y_901_z_222_experiment,pipeline,default,,16,165,0.10200000000000002,0,,0
SLICES_CA-RU-R_x_916_y_901_z_222_experiment,pipeline,default,,17,176,0.07800000000000001,132,23,1
SLICES_CA-RU-R_x_916_y_901_z_222_experiment,pipeline,default,,18,242,0.19200000000000003,0,,0
SLICES_CA-RU-R_x_916_y_901_z_222_experiment,pipeline,default,,19,198,0.16200000000000003,104,39,1
SLICES_CA-RU-R_x_916_y_901_z_222_experiment,pipeline,default,,20,392,0.32400000000000007,157,43,1
SLICES_CA-RU-R_x_916_y_901_z_222_experiment,pipeline,default,,21,198,0.10800000000000001,138,31,1
SLICES_CA-RU-R_x_916_y_901_z_222_experiment,pipeline,default,,22,50,0.036000000000000004,0,,0
SLICES_CA-RU-R_x_916_y_901_z_222_experiment,pipeline,default,,23,24,0.018000000000000002,0,,0
SLICES_CA-RU-R_x_916_y_901_z_222_experiment,pipeline,default,,24,178,0.13200000000000003,27,47,1
SLICES_CA-RU-R_x_916_y_901_z_222_experiment,pipeline,default,,25,1493,0.7680000000000001,1107,54;85,2
SLICES_CA-RU-R_x_916_y_901_z_222_experiment,pipeline,default,,26,140,0.12600000000000003,0,,0
SLICES_CA-RU-R_x_916_y_901_z_222_experiment,pipeline,default,,27,268,0.26400000000000007,62,58,1
SLICES_CA-RU-R_x_916_y_901_z_222_experiment,pipeline,default,,28,185,0.12600000000000003,0,,0
SLICES_CA-RU-R_x_916_y_901_z_222_experiment,pipeline,default,,29,330,0.28200000000000003,181,37;87,2
SLICES_CA-RU-R_x_916_y_901_z_222_experiment,pipeline,default,,30,416,0.3960000000000001,100,60,1
SLICES_CA-RU-R_x_916_y_901_z_222_experiment,pipeline,default,,31,249,0.09600000000000002,0,,0
SLICES_CA-RU-R_x_916_y_901_z_222_experiment,pipeline,default,,32,480,0.36000000000000004,181,34;62;63,3
SLICES_CA-RU-R_x_916_y_901_z_222_experiment,pipeline,default,,33,279,0.18600000000000003,38,65,1
SLICES_CA-RU-R_x_916_y_901_z_222_experiment,pipeline,default,,34,1882,1.3020000000000003,430,68;77;79;89,4
SLICES_CA-RU-R_x_916_y_901_z_222_experiment,pipeline,default,,35,1941,1.3620000000000003,765,68;70;79;81;82,5
SLICES_CA-RU-R_x_916_y_901_z_222_experiment,pipeline,default,,36,183,0.13200000000000003,0,,0
SLICES_CA-RU-R_x_916_y_901_z_222_experiment,pipeline,default,,37,14,0.04200000000000001,0,,0
SLICES_CA-RU-R_x_916_y_901_z_222_experiment,pipeline,default,,38,37,0.012000000000000002,0,,0
SLICES_CA-RU-R_x_916_y_901_z_222_experiment,pipeline,default,,39,57,0.054000000000000006,0,,0
SLICES_CA-RU-R_x_916_y_901_z_222_experiment,pipeline,default,,40,5481,2.8080000000000003,3998,49;95;116;126;128;133,6
SLICES_CA-RU-R_x_916_y_901_z_222_experiment,pipeline,default,,41,22,0.006000000000000001,0,,0
SLICES_CA-RU-R_x_916_y_901_z_222_experiment,pipeline,default,,42,197,0.10800000000000001,2,67,1
SLICES_CA-RU-R_x_916_y_901_z_222_experiment,pipeline,default,,43,70,0.04800000000000001,30,71,1
SLICES_CA-RU-R_x_916_y_901_z_222_experiment,pipeline,default,,44,53,0.054000000000000006,0,,0
SLICES_CA-RU-R_x_916_y_901_z_222_experiment,pipeline,default,,45,109,0.11400000000000002,0,,0
SLICES_CA-RU-R_x_916_y_901_z_222_experiment,pipeline,default,,46,630,0.4680000000000001,224,75,1
SLICES_CA-RU-R_x_916_y_901_z_222_experiment,pipeline,default,,47,253,0.28200000000000003,60,78;86,2
SLICES_CA-RU-R_x_916_y_901_z_222_experiment,pipeline,default,,48,245,0.16800000000000004,77,49,1
SLICES_CA-RU-R_x_916_y_901_z_222_experiment,pipeline,default,,49,2,0.0,0,,0
SLICES_CA-RU-R_x_916_y_901_z_222_experiment,pipeline,default,,50,173,0.07800000000000001,114,92,1
SLICES_CA-RU-R_x_916_y_901_z_222_experiment,pipeline,default,,51,291,0.15000000000000002,217,49,1
SLICES_CA-RU-R_x_916_y_901_z_222_experiment,pipeline,default,,52,307,0.24000000000000005,0,,0
SLICES_CA-RU-R_x_916_y_901_z_222_experiment,pipeline,default,,53,535,0.4140000000000001,322,96,1
SLICES_CA-RU-R_x_916_y_901_z_222_experiment,pipeline,default,,54,854,0.43800000000000006,558,49,1
SLICES_CA-RU-R_x_916_y_901_z_222_experiment,pipeline,default,,55,1470,1.092,711,72;112,2
SLICES_CA-RU-R_x_916_y_901_z_222_experiment,pipeline,default,,56,25,0.012000000000000002,0,,0
SLICES_CA-RU-R_x_916_y_901_z_222_experiment,pipeline,default,,57,191,0.138,129,94,1
SLICES_CA-RU-R_x_916_y_901_z_222_experiment,pipeline,default,,58,2,0.0,0,,0
SLICES_CA-RU-R_x_916_y_901_z_222_experiment,pipeline,default,,59,6,0.012000000000000002,0,,0
SLICES_CA-RU-R_x_916_y_901_z_222_experiment,pipeline,default,,60,1,0.0,0,,0
SLICES_CA-RU-R_x_916_y_901_z_222_experiment,pipeline,default,,61,457,0.30000000000000004,248,96;99,2
SLICES_CA-RU-R_x_916_y_901_z_222_experiment,pipeline,default,,62,4001,1.0320000000000003,3717,98,1
SLICES_CA-RU-R_x_916_y_901_z_222_experiment,pipeline,default,,63,12,0.012000000000000002,0,,0
SLICES_CA-RU-R_x_916_y_901_z_222_experiment,pipeline,default,,64,212,0.15000000000000002,0,,0
SLICES_CA-RU-R_x_916_y_901_z_222_experiment,pipeline,default,,65,21,0.018000000000000002,0,,0
SLICES_CA-RU-R_x_916_y_901_z_222_experiment,pipeline,default,,66,368,0.27,255,102,1
SLICES_CA-RU-R_x_916_y_901_z_222_experiment,pipeline,default,,67,144,0.08400000000000002,0,,0
SLICES_CA-RU-R_x_916_y_901_z_222_experiment,pipeline,default,,68,364,0.25200000000000006,19,105,1
SLICES_CA-RU-R_x_916_y_901_z_222_experiment,pipeline,default,,69,158,0.138,0,,0
SLICES_CA-RU-R_x_916_y_901_z_222_experiment,pipeline,default,,70,216,0.14400000000000002,59,107,1
SLICES_CA-RU-R_x_916_y_901_z_222_experiment,pipeline,default,,71,28,0.012000000000000002,0,,0
SLICES_CA-RU-R_x_916_y_901_z_222_experiment,pipeline,default,,72,20,0.006000000000000001,0,,0
SLICES_CA-RU-R_x_916_y_901_z_222_experiment,pipeline,default,,73,22,0.07200000000000001,0,,0
SLICES_CA-RU-R_x_916_y_901_z_222_experiment,pipeline,default,,74,278,0.22200000000000003,267,49,1
SLICES_CA-RU-R_x_916_y_901_z_222_experiment,pipeline,default,,75,109,0.06000000000000001,0,,0
SLICES_CA-RU-R_x_916_y_901_z_222_experiment,pipeline,default,,76,14,0.054000000000000006,0,,0
SLICES_CA-RU-R_x_916_y_901_z_222_experiment,pipeline,default,,77,143,0.11400000000000002,63,113;115,2
SLICES_CA-RU-R_x_916_y_901_z_222_experiment,pipeline,default,,78,183,0.13200000000000003,36,114,1
SLICES_CA-RU-R_x_916_y_901_z_222_experiment,pipeline,default,,79,350,0.31200000000000006,207,120,1
SLICES_CA-RU-R_x_916_y_901_z_222_experiment,pipeline,default,,80,30,0.024000000000000004,0,,0
SLICES_CA-RU-R_x_916_y_901_z_222_experiment,pipeline,default,,81,126,0.07200000000000001,43,111,1
SLICES_CA-RU-R_x_916_y_901_z_222_experiment,pipeline,default,,82,341,0.24000000000000005,59,118,1
SLICES_CA-RU-R_x_916_y_901_z_222_experiment,pipeline,default,,83,159,0.16200000000000003,54,117,1
SLICES_CA-RU-R_x_916_y_901_z_222_experiment,pipeline,default,,84,247,0.16800000000000004,139,125,1
SLICES_CA-RU-R_x_916_y_901_z_222_experiment,pipeline,default,,85,165,0.13200000000000003,127,124,1
SLICES_CA-RU-R_x_916_y_901_z_222_experiment,pipeline,default,,86,143,0.18000000000000002,0,,0
SLICES_CA-RU-R_x_916_y_901_z_222_experiment,pipeline,default,,87,7,0.024000000000000004,0,,0
SLICES_CA-RU-R_x_916_y_901_z_222_experiment,pipeline,default,,88,418,0.18600000000000003,366,124,1
SLICES_CA-RU-R_x_916_y_901_z_222_experiment,pipeline,default,,89,482,0.4680000000000001,143,127,1
SLICES_CA-RU-R_x_916_y_901_z_222_experiment,pipeline,default,,90,51,0.018000000000000002,0,,0
SLICES_CA-RU-R_x_916_y_901_z_222_experiment,pipeline,default,,91,7,0.012000000000000002,0,,0
SLICES_CA-RU-R_x_916_y_901_z_222_experiment,pipeline,default,,92,78,0.12000000000000002,0,,0
SLICES_CA-RU-R_x_916_y_901_z_222_experiment,pipeline,default,,93,60,0.04200000000000001,0,,0
SLICES_CA-RU-R_x_916_y_901_z_222_experiment,pipeline,default,,94,330,0.25800000000000006,3,129,1
SLICES_CA-RU-R_x_916_y_901_z_222_experiment,pipeline,default,,95,37,0.08400000000000002,0,,0
SLICES_CA-RU-R_x_916_y_901_z_222_experiment,pipeline,default,,96,955,0.5280000000000001,305,131;135,2
SLICES_CA-RU-R_x_916_y_901_z_222_experiment,pipeline,default,,97,74,0.06600000000000002,0,,0
SLICES_CA-RU-R_x_916_y_901_z_222_experiment,pipeline,default,,98,325,0.3360000000000001,52,124,1
SLICES_CA-RU-R_x_916_y_901_z_222_experiment,pipeline,default,,99,20,0.012000000000000002,0,,0
SLICES_CA-RU-R_x_916_y_901_z_222_experiment,pipeline,default,,100,80,0.06000000000000001,56,132,1
SLICES_CA-RU-R_x_916_y_901_z_222_experiment,pipeline,default,,101,352,0.28800000000000003,87,132,1
SLICES_CA-RU-R_x_916_y_901_z_222_experiment,pipeline,default,,102,120,0.10200000000000002,0,,0
SLICES_CA-RU-R_x_916_y_901_z_222_experiment,pipeline,default,,103,212,0.13200000000000003,88,140,1
SLICES_CA-RU-R_x_916_y_901_z_222_experiment,pipeline,default,,104,180,0.09000000000000001,0,,0
SLICES_CA-RU-R_x_916_y_901_z_222_experiment,pipeline,default,,105,381,0.14400000000000002,182,142,1
SLICES_CA-RU-R_x_916_y_901_z_222_experiment,pipeline,default,,106,438,0.37200000000000005,69,145,1
SLICES_CA-RU-R_x_916_y_901_z_222_experiment,pipeline,default,,107,266,0.18000000000000002,0,,0
SLICES_CA-RU-R_x_916_y_901_z_222_experiment,pipeline,default,,108,159,0.11400000000000002,75,143,1
SLICES_CA-RU-R_x_916_y_901_z_222_experiment,pipeline,default,,109,101,0.07200000000000001,0,,0
SLICES_CA-RU-R_x_916_y_901_z_222_experiment,pipeline,default,,110,292,0.26400000000000007,0,,0
SLICES_CA-RU-R_x_916_y_901_z_222_experiment,pipeline,default,,111,1,0.006000000000000001,0,,0
SLICES_CA-RU-R_x_916_y_901_z_222_experiment,pipeline,default,,112,1,0.006000000000000001,0,,0
SLICES_CA-RU-R_x_916_y_901_z_222_experiment,pipeline,default,,113,277,0.17400000000000002,89,144,1
SLICES_CA-RU-R_x_916_y_901_z_222_experiment,pipeline,default,,114,94,0.06600000000000002,0,,0
SLICES_CA-RU-R_x_916_y_901_z_222_experiment,pipeline,default,,115,31,0.04200000000000001,1,147,1
SLICES_CA-RU-R_x_916_y_901_z_222_experiment,pipeline,default,,116,79,0.06600000000000002,0,,0
SLICES_CA-RU-R_x_916_y_901_z_222_experiment,pipeline,default,,117,227,0.17400000000000002,147,146,1
SLICES_CA-RU-R_x_916_y_901_z_222_experiment,pipeline,default,,118,5,0.006000000000000001,5,147,1
